{"cameraMode":{"drawMode":0,"name":"Shaded","section":"Shading Mode"},"sceneLighting":true,"audioPlay":false,"sceneViewState":{"showFog":true,"showMaterialUpdate":true,"showSkybox":true,"showFlares":true,"showImageEffects":true,"showParticleSystems":true},"in2DMode":false,"pivot":{"x":3.9595985412597658,"y":-4.634307861328125,"z":-6.222570419311523},"rotation":{"x":-0.14998862147331239,"y":-0.8243489861488342,"z":0.25663429498672488,"w":-0.48177337646484377},"size":10.0,"orthographic":false}